[
  {
    "category": "Foundational Agreements",
    "items": [
      {
        "title": "The Belfast / Good Friday Agreement (official PDF)",
        "source": "UK Government",
        "url": "https://assets.publishing.service.gov.uk/media/619500728fa8f5037d67b678/The_Belfast_Agreement_An_Agreement_Reached_at_the_Multi-Party_Talks_on_Northern_Ireland.pdf",
        "blurb": "The full text of the 1998 Agreement as published by the UK Government."
      },
      {
        "title": "New Decade, New Approach (2020)",
        "source": "UK Government",
        "url": "https://assets.publishing.service.gov.uk/media/5e178b56ed915d3b06f2b795/2020-01-08_a_new_decade__a_new_approach.pdf",
        "blurb": "The 2020 deal enabling restoration of the NI Executive and Assembly."
      }
    ]
  },
  {
    "category": "Government Initiatives / Oireachtas",
    "items": [
      {
        "title": "The Shared Island Initiative – Parliamentary Budget Office Paper (May 2025)",
        "source": "Oireachtas PBO",
        "url": "https://data.oireachtas.ie/ie/oireachtas/parliamentaryBudgetOffice/2025/2025-05-01_the-shared-island-initiative_en.pdf",
        "blurb": "Independent overview of the Shared Island Initiative with spending tables and project lists."
      }
    ]
  },
  {
    "category": "Commission Reports",
    "items": [
      {
        "title": "Report of the Commission on the Future of Ireland",
        "source": "Sinn Féin",
        "url": "https://sinnfein.ie/news/report-of-the-commission-on-the-future-of-ireland/",
        "blurb": "Findings from a multi‑year grassroots consultation on Ireland’s future."
      }
    ]
  },
  {
    "category": "Ireland’s Future Publications",
    "items": [
      {
        "title": "Publications index",
        "source": "Ireland’s Future",
        "url": "https://irelandsfuture.com/publications/",
        "blurb": "Landing page listing current reports including ‘Ireland 2030 – Proposals for the period between 2024 and 2030’."
      },
      {
        "title": "Ireland 2030 – Proposals (Direct page)",
        "source": "Ireland’s Future",
        "url": "https://irelandsfuture.com/publications/ireland-2030-proposals-for-the-period-between-2024-and-2030/",
        "blurb": "Policy proposals for 2024–2030."
      }
    ]
  }
]