[
  {
    "id": 1,
    "name": "Supporter T‑Shirt",
    "price": 25,
    "description": "Organic cotton tee with Le Chéile 32 wordmark.",
    "imageUrl": "https://source.unsplash.com/featured/400x300/?t-shirt,green"
  },
  {
    "id": 2,
    "name": "Tote Bag",
    "price": 20,
    "description": "Eco tote supporting our work.",
    "imageUrl": "https://source.unsplash.com/featured/400x300/?tote,bag"
  },
  {
    "id": 3,
    "name": "Mug",
    "price": 12,
    "description": "Ceramic mug – proceeds support programming.",
    "imageUrl": "https://source.unsplash.com/featured/400x300/?mug"
  }
]